format,metric,year,value_actual
8 - Track,Value (Adjusted),1973,2815.681824
8 - Track,Value (Adjusted),1974,2848.008609
8 - Track,Value (Adjusted),1975,2770.409498
8 - Track,Value (Adjusted),1976,3047.215772
8 - Track,Value (Adjusted),1977,3421.416287
8 - Track,Value (Adjusted),1978,3717.221411
8 - Track,Value (Adjusted),1979,2409.72569
8 - Track,Value (Adjusted),1980,1635.087852
8 - Track,Value (Adjusted),1981,880.3150825
8 - Track,Value (Adjusted),1982,95.37463212
8 - Track,Value (Adjusted),1983,
8 - Track,Value (Adjusted),1984,
8 - Track,Value (Adjusted),1985,
8 - Track,Value (Adjusted),1986,
8 - Track,Value (Adjusted),1987,
8 - Track,Value (Adjusted),1988,
8 - Track,Value (Adjusted),1989,
8 - Track,Value (Adjusted),1990,
8 - Track,Value (Adjusted),1991,
8 - Track,Value (Adjusted),1992,
8 - Track,Value (Adjusted),1993,
8 - Track,Value (Adjusted),1994,
8 - Track,Value (Adjusted),1995,
8 - Track,Value (Adjusted),1996,
8 - Track,Value (Adjusted),1997,
8 - Track,Value (Adjusted),1998,
8 - Track,Value (Adjusted),1999,
8 - Track,Value (Adjusted),2000,
8 - Track,Value (Adjusted),2001,
8 - Track,Value (Adjusted),2002,
8 - Track,Value (Adjusted),2003,
8 - Track,Value (Adjusted),2004,
8 - Track,Value (Adjusted),2005,
8 - Track,Value (Adjusted),2006,
8 - Track,Value (Adjusted),2007,
8 - Track,Value (Adjusted),2008,
8 - Track,Value (Adjusted),2009,
8 - Track,Value (Adjusted),2010,
8 - Track,Value (Adjusted),2011,
8 - Track,Value (Adjusted),2012,
8 - Track,Value (Adjusted),2013,
8 - Track,Value (Adjusted),2014,
8 - Track,Value (Adjusted),2015,
8 - Track,Value (Adjusted),2016,
8 - Track,Value (Adjusted),2017,
8 - Track,Value (Adjusted),2018,
8 - Track,Value (Adjusted),2019,
CD,Value (Adjusted),1973,
CD,Value (Adjusted),1974,
CD,Value (Adjusted),1975,
CD,Value (Adjusted),1976,
CD,Value (Adjusted),1977,
CD,Value (Adjusted),1978,
CD,Value (Adjusted),1979,
CD,Value (Adjusted),1980,
CD,Value (Adjusted),1981,
CD,Value (Adjusted),1982,
CD,Value (Adjusted),1983,44.14960241
CD,Value (Adjusted),1984,254.1806362
CD,Value (Adjusted),1985,925.4498281
CD,Value (Adjusted),1986,2169.585545
CD,Value (Adjusted),1987,3586.399606
CD,Value (Adjusted),1988,4516.462927
CD,Value (Adjusted),1989,5335.190475
CD,Value (Adjusted),1990,6751.535587
CD,Value (Adjusted),1991,8142.168641
CD,Value (Adjusted),1992,9706.037138
CD,Value (Adjusted),1993,11520.31135
CD,Value (Adjusted),1994,14601.94788
CD,Value (Adjusted),1995,15730.95769
CD,Value (Adjusted),1996,16187.86232
CD,Value (Adjusted),1997,15793.54966
CD,Value (Adjusted),1998,17905.40069
CD,Value (Adjusted),1999,19667.32779
CD,Value (Adjusted),2000,19618.92814
CD,Value (Adjusted),2001,18635.67745
CD,Value (Adjusted),2002,17115.94482
CD,Value (Adjusted),2003,15607.44302
CD,Value (Adjusted),2004,15491.67735
CD,Value (Adjusted),2005,13771.44276
CD,Value (Adjusted),2006,11885.76785
CD,Value (Adjusted),2007,9190.702658
CD,Value (Adjusted),2008,6496.779627
CD,Value (Adjusted),2009,5146.57822
CD,Value (Adjusted),2010,3973.859173
CD,Value (Adjusted),2011,3524.136143
CD,Value (Adjusted),2012,2767.776149
CD,Value (Adjusted),2013,2349.534897
CD,Value (Adjusted),2014,1918.215115
CD,Value (Adjusted),2015,1558.633452
CD,Value (Adjusted),2016,1204.497778
CD,Value (Adjusted),2017,1102.774352
CD,Value (Adjusted),2018,711.0412395
CD,Value (Adjusted),2019,614.5097799
CD Single,Value (Adjusted),1973,
CD Single,Value (Adjusted),1974,
CD Single,Value (Adjusted),1975,
CD Single,Value (Adjusted),1976,
CD Single,Value (Adjusted),1977,
CD Single,Value (Adjusted),1978,
CD Single,Value (Adjusted),1979,
CD Single,Value (Adjusted),1980,
CD Single,Value (Adjusted),1981,
CD Single,Value (Adjusted),1982,
CD Single,Value (Adjusted),1983,
CD Single,Value (Adjusted),1984,
CD Single,Value (Adjusted),1985,
CD Single,Value (Adjusted),1986,
CD Single,Value (Adjusted),1987,
CD Single,Value (Adjusted),1988,21.17868639
CD Single,Value (Adjusted),1989,
CD Single,Value (Adjusted),1990,11.73635807
CD Single,Value (Adjusted),1991,65.88517401
CD Single,Value (Adjusted),1992,82.1819722
CD Single,Value (Adjusted),1993,81.03176886
CD Single,Value (Adjusted),1994,96.77704251
CD Single,Value (Adjusted),1995,186.0391161
CD Single,Value (Adjusted),1996,299.9773977
CD Single,Value (Adjusted),1997,434.3779682
CD Single,Value (Adjusted),1998,334.3930822
CD Single,Value (Adjusted),1999,341.2852149
CD Single,Value (Adjusted),2000,211.8597787
CD Single,Value (Adjusted),2001,114.6197956
CD Single,Value (Adjusted),2002,27.85368093
CD Single,Value (Adjusted),2003,50.01984783
CD Single,Value (Adjusted),2004,20.30097935
CD Single,Value (Adjusted),2005,14.26861905
CD Single,Value (Adjusted),2006,9.764677083
CD Single,Value (Adjusted),2007,15.04590159
CD Single,Value (Adjusted),2008,4.156001078
CD Single,Value (Adjusted),2009,3.694172567
CD Single,Value (Adjusted),2010,3.400068331
CD Single,Value (Adjusted),2011,3.977965137
CD Single,Value (Adjusted),2012,3.59119832
CD Single,Value (Adjusted),2013,2.684056894
CD Single,Value (Adjusted),2014,3.905023683
CD Single,Value (Adjusted),2015,1.291079457
CD Single,Value (Adjusted),2016,0.280361354
CD Single,Value (Adjusted),2017,1.542258972
CD Single,Value (Adjusted),2018,0.157981482
CD Single,Value (Adjusted),2019,0.181678878
Cassette,Value (Adjusted),1973,437.6110811
Cassette,Value (Adjusted),1974,452.1965598
Cassette,Value (Adjusted),1975,469.4964981
Cassette,Value (Adjusted),1976,654.6436714
Cassette,Value (Adjusted),1977,1053.003089
Cassette,Value (Adjusted),1978,1763.71961
Cassette,Value (Adjusted),1979,2044.551711
Cassette,Value (Adjusted),1980,2187.356614
Cassette,Value (Adjusted),1981,2989.133769
Cassette,Value (Adjusted),1982,3667.949394
Cassette,Value (Adjusted),1983,4648.285756
Cassette,Value (Adjusted),1984,5865.839483
Cassette,Value (Adjusted),1985,5729.710553
Cassette,Value (Adjusted),1986,5830.425835
Cassette,Value (Adjusted),1987,6660.810061
Cassette,Value (Adjusted),1988,7315.507276
Cassette,Value (Adjusted),1989,6898.20315
Cassette,Value (Adjusted),1990,6792.221628
Cassette,Value (Adjusted),1991,5668.002035
Cassette,Value (Adjusted),1992,5678.573835
Cassette,Value (Adjusted),1993,5158.786717
Cassette,Value (Adjusted),1994,5134.531004
Cassette,Value (Adjusted),1995,3864.379693
Cassette,Value (Adjusted),1996,3104.546094
Cassette,Value (Adjusted),1997,2425.476099
Cassette,Value (Adjusted),1998,2227.039106
Cassette,Value (Adjusted),1999,1629.084461
Cassette,Value (Adjusted),2000,929.3918815
Cassette,Value (Adjusted),2001,524.5948831
Cassette,Value (Adjusted),2002,298.1480745
Cassette,Value (Adjusted),2003,150.1984875
Cassette,Value (Adjusted),2004,32.07554738
Cassette,Value (Adjusted),2005,17.14852381
Cassette,Value (Adjusted),2006,4.69211756
Cassette,Value (Adjusted),2007,3.699811867
Cassette,Value (Adjusted),2008,1.068685991
Cassette,Value (Adjusted),2009,
Cassette,Value (Adjusted),2010,
Cassette,Value (Adjusted),2011,
Cassette,Value (Adjusted),2012,
Cassette,Value (Adjusted),2013,
Cassette,Value (Adjusted),2014,
Cassette,Value (Adjusted),2015,
Cassette,Value (Adjusted),2016,
Cassette,Value (Adjusted),2017,
Cassette,Value (Adjusted),2018,
Cassette,Value (Adjusted),2019,
Cassette Single,Value (Adjusted),1973,
Cassette Single,Value (Adjusted),1974,
Cassette Single,Value (Adjusted),1975,
Cassette Single,Value (Adjusted),1976,
Cassette Single,Value (Adjusted),1977,
Cassette Single,Value (Adjusted),1978,
Cassette Single,Value (Adjusted),1979,
Cassette Single,Value (Adjusted),1980,
Cassette Single,Value (Adjusted),1981,
Cassette Single,Value (Adjusted),1982,
Cassette Single,Value (Adjusted),1983,
Cassette Single,Value (Adjusted),1984,
Cassette Single,Value (Adjusted),1985,
Cassette Single,Value (Adjusted),1986,
Cassette Single,Value (Adjusted),1987,32.18217518
Cassette Single,Value (Adjusted),1988,123.8304827
Cassette Single,Value (Adjusted),1989,401.21655
Cassette Single,Value (Adjusted),1990,504.4677911
Cassette Single,Value (Adjusted),1991,432.4770396
Cassette Single,Value (Adjusted),1992,544.4783436
Cassette Single,Value (Adjusted),1993,528.1218997
Cassette Single,Value (Adjusted),1994,474.2247591
Cassette Single,Value (Adjusted),1995,396.4025532
Cassette Single,Value (Adjusted),1996,308.4504149
Cassette Single,Value (Adjusted),1997,212.6492804
Cassette Single,Value (Adjusted),1998,148.0614773
Cassette Single,Value (Adjusted),1999,73.65867947
Cassette Single,Value (Adjusted),2000,6.829397213
Cassette Single,Value (Adjusted),2001,
Cassette Single,Value (Adjusted),2002,
Cassette Single,Value (Adjusted),2003,
Cassette Single,Value (Adjusted),2004,
Cassette Single,Value (Adjusted),2005,
Cassette Single,Value (Adjusted),2006,
Cassette Single,Value (Adjusted),2007,
Cassette Single,Value (Adjusted),2008,
Cassette Single,Value (Adjusted),2009,
Cassette Single,Value (Adjusted),2010,
Cassette Single,Value (Adjusted),2011,
Cassette Single,Value (Adjusted),2012,
Cassette Single,Value (Adjusted),2013,
Cassette Single,Value (Adjusted),2014,
Cassette Single,Value (Adjusted),2015,
Cassette Single,Value (Adjusted),2016,
Cassette Single,Value (Adjusted),2017,
Cassette Single,Value (Adjusted),2018,
Cassette Single,Value (Adjusted),2019,
DVD Audio,Value (Adjusted),1973,
DVD Audio,Value (Adjusted),1974,
DVD Audio,Value (Adjusted),1975,
DVD Audio,Value (Adjusted),1976,
DVD Audio,Value (Adjusted),1977,
DVD Audio,Value (Adjusted),1978,
DVD Audio,Value (Adjusted),1979,
DVD Audio,Value (Adjusted),1980,
DVD Audio,Value (Adjusted),1981,
DVD Audio,Value (Adjusted),1982,
DVD Audio,Value (Adjusted),1983,
DVD Audio,Value (Adjusted),1984,
DVD Audio,Value (Adjusted),1985,
DVD Audio,Value (Adjusted),1986,
DVD Audio,Value (Adjusted),1987,
DVD Audio,Value (Adjusted),1988,
DVD Audio,Value (Adjusted),1989,
DVD Audio,Value (Adjusted),1990,
DVD Audio,Value (Adjusted),1991,
DVD Audio,Value (Adjusted),1992,
DVD Audio,Value (Adjusted),1993,
DVD Audio,Value (Adjusted),1994,
DVD Audio,Value (Adjusted),1995,
DVD Audio,Value (Adjusted),1996,
DVD Audio,Value (Adjusted),1997,
DVD Audio,Value (Adjusted),1998,
DVD Audio,Value (Adjusted),1999,
DVD Audio,Value (Adjusted),2000,
DVD Audio,Value (Adjusted),2001,8.661445511
DVD Audio,Value (Adjusted),2002,12.07940245
DVD Audio,Value (Adjusted),2003,11.11552174
DVD Audio,Value (Adjusted),2004,8.797091053
DVD Audio,Value (Adjusted),2005,14.66133333
DVD Audio,Value (Adjusted),2006,3.043535714
DVD Audio,Value (Adjusted),2007,3.453157742
DVD Audio,Value (Adjusted),2008,1.424914655
DVD Audio,Value (Adjusted),2009,1.906669712
DVD Audio,Value (Adjusted),2010,1.05519362
DVD Audio,Value (Adjusted),2011,0.34096844
DVD Audio,Value (Adjusted),2012,0.20389289
DVD Audio,Value (Adjusted),2013,
DVD Audio,Value (Adjusted),2014,2.310456232
DVD Audio,Value (Adjusted),2015,5.842187676
DVD Audio,Value (Adjusted),2016,3.020431045
DVD Audio,Value (Adjusted),2017,2.718901189
DVD Audio,Value (Adjusted),2018,3.377493968
DVD Audio,Value (Adjusted),2019,1.067303184
Download Album,Value (Adjusted),1973,
Download Album,Value (Adjusted),1974,
Download Album,Value (Adjusted),1975,
Download Album,Value (Adjusted),1976,
Download Album,Value (Adjusted),1977,
Download Album,Value (Adjusted),1978,
Download Album,Value (Adjusted),1979,
Download Album,Value (Adjusted),1980,
Download Album,Value (Adjusted),1981,
Download Album,Value (Adjusted),1982,
Download Album,Value (Adjusted),1983,
Download Album,Value (Adjusted),1984,
Download Album,Value (Adjusted),1985,
Download Album,Value (Adjusted),1986,
Download Album,Value (Adjusted),1987,
Download Album,Value (Adjusted),1988,
Download Album,Value (Adjusted),1989,
Download Album,Value (Adjusted),1990,
Download Album,Value (Adjusted),1991,
Download Album,Value (Adjusted),1992,
Download Album,Value (Adjusted),1993,
Download Album,Value (Adjusted),1994,
Download Album,Value (Adjusted),1995,
Download Album,Value (Adjusted),1996,
Download Album,Value (Adjusted),1997,
Download Album,Value (Adjusted),1998,
Download Album,Value (Adjusted),1999,
Download Album,Value (Adjusted),2000,
Download Album,Value (Adjusted),2001,
Download Album,Value (Adjusted),2002,
Download Album,Value (Adjusted),2003,
Download Album,Value (Adjusted),2004,61.57963737
Download Album,Value (Adjusted),2005,177.6377619
Download Album,Value (Adjusted),2006,349.8797932
Download Album,Value (Adjusted),2007,613.4288075
Download Album,Value (Adjusted),2008,754.373567
Download Album,Value (Adjusted),2009,886.9589166
Download Album,Value (Adjusted),2010,1022.834349
Download Album,Value (Adjusted),2011,1217.03002
Download Album,Value (Adjusted),2012,1341.590983
Download Album,Value (Adjusted),2013,1352.202953
Download Album,Value (Adjusted),2014,1207.247578
Download Album,Value (Adjusted),2015,1148.145081
Download Album,Value (Adjusted),2016,925.232201
Download Album,Value (Adjusted),2017,697.2376182
Download Album,Value (Adjusted),2018,508.7043884
Download Album,Value (Adjusted),2019,394.5330062
Download Music Video,Value (Adjusted),1973,
Download Music Video,Value (Adjusted),1974,
Download Music Video,Value (Adjusted),1975,
Download Music Video,Value (Adjusted),1976,
Download Music Video,Value (Adjusted),1977,
Download Music Video,Value (Adjusted),1978,
Download Music Video,Value (Adjusted),1979,
Download Music Video,Value (Adjusted),1980,
Download Music Video,Value (Adjusted),1981,
Download Music Video,Value (Adjusted),1982,
Download Music Video,Value (Adjusted),1983,
Download Music Video,Value (Adjusted),1984,
Download Music Video,Value (Adjusted),1985,
Download Music Video,Value (Adjusted),1986,
Download Music Video,Value (Adjusted),1987,
Download Music Video,Value (Adjusted),1988,
Download Music Video,Value (Adjusted),1989,
Download Music Video,Value (Adjusted),1990,
Download Music Video,Value (Adjusted),1991,
Download Music Video,Value (Adjusted),1992,
Download Music Video,Value (Adjusted),1993,
Download Music Video,Value (Adjusted),1994,
Download Music Video,Value (Adjusted),1995,
Download Music Video,Value (Adjusted),1996,
Download Music Video,Value (Adjusted),1997,
Download Music Video,Value (Adjusted),1998,
Download Music Video,Value (Adjusted),1999,
Download Music Video,Value (Adjusted),2000,
Download Music Video,Value (Adjusted),2001,
Download Music Video,Value (Adjusted),2002,
Download Music Video,Value (Adjusted),2003,
Download Music Video,Value (Adjusted),2004,
Download Music Video,Value (Adjusted),2005,4.84347619
Download Music Video,Value (Adjusted),2006,24.98235566
Download Music Video,Value (Adjusted),2007,34.77823155
Download Music Video,Value (Adjusted),2008,49.04081272
Download Music Video,Value (Adjusted),2009,48.73924451
Download Music Video,Value (Adjusted),2010,42.91120721
Download Music Video,Value (Adjusted),2011,36.82459156
Download Music Video,Value (Adjusted),2012,23.20820694
Download Music Video,Value (Adjusted),2013,18.37207499
Download Music Video,Value (Adjusted),2014,14.6621972
Download Music Video,Value (Adjusted),2015,6.918875516
Download Music Video,Value (Adjusted),2016,4.547792467
Download Music Video,Value (Adjusted),2017,2.905533136
Download Music Video,Value (Adjusted),2018,2.261051168
Download Music Video,Value (Adjusted),2019,1.858910402
Download Single,Value (Adjusted),1973,
Download Single,Value (Adjusted),1974,
Download Single,Value (Adjusted),1975,
Download Single,Value (Adjusted),1976,
Download Single,Value (Adjusted),1977,
Download Single,Value (Adjusted),1978,
Download Single,Value (Adjusted),1979,
Download Single,Value (Adjusted),1980,
Download Single,Value (Adjusted),1981,
Download Single,Value (Adjusted),1982,
Download Single,Value (Adjusted),1983,
Download Single,Value (Adjusted),1984,
Download Single,Value (Adjusted),1985,
Download Single,Value (Adjusted),1986,
Download Single,Value (Adjusted),1987,
Download Single,Value (Adjusted),1988,
Download Single,Value (Adjusted),1989,
Download Single,Value (Adjusted),1990,
Download Single,Value (Adjusted),1991,
Download Single,Value (Adjusted),1992,
Download Single,Value (Adjusted),1993,
Download Single,Value (Adjusted),1994,
Download Single,Value (Adjusted),1995,
Download Single,Value (Adjusted),1996,
Download Single,Value (Adjusted),1997,
Download Single,Value (Adjusted),1998,
Download Single,Value (Adjusted),1999,
Download Single,Value (Adjusted),2000,
Download Single,Value (Adjusted),2001,
Download Single,Value (Adjusted),2002,
Download Single,Value (Adjusted),2003,
Download Single,Value (Adjusted),2004,186.7690101
Download Single,Value (Adjusted),2005,475.577
Download Single,Value (Adjusted),2006,736.2820149
Download Single,Value (Adjusted),2007,1000.182475
Download Single,Value (Adjusted),2008,1225.664089
Download Single,Value (Adjusted),2009,1396.635564
Download Single,Value (Adjusted),2010,1566.845282
Download Single,Value (Adjusted),2011,1730.301179
Download Single,Value (Adjusted),2012,1831.258646
Download Single,Value (Adjusted),2013,1726.739156
Download Single,Value (Adjusted),2014,1463.655387
Download Single,Value (Adjusted),2015,1278.449595
Download Single,Value (Adjusted),2016,958.8791031
Download Single,Value (Adjusted),2017,707.6927112
Download Single,Value (Adjusted),2018,499.3169742
Download Single,Value (Adjusted),2019,414.804251
Kiosk,Value (Adjusted),1973,
Kiosk,Value (Adjusted),1974,
Kiosk,Value (Adjusted),1975,
Kiosk,Value (Adjusted),1976,
Kiosk,Value (Adjusted),1977,
Kiosk,Value (Adjusted),1978,
Kiosk,Value (Adjusted),1979,
Kiosk,Value (Adjusted),1980,
Kiosk,Value (Adjusted),1981,
Kiosk,Value (Adjusted),1982,
Kiosk,Value (Adjusted),1983,
Kiosk,Value (Adjusted),1984,
Kiosk,Value (Adjusted),1985,
Kiosk,Value (Adjusted),1986,
Kiosk,Value (Adjusted),1987,
Kiosk,Value (Adjusted),1988,
Kiosk,Value (Adjusted),1989,
Kiosk,Value (Adjusted),1990,
Kiosk,Value (Adjusted),1991,
Kiosk,Value (Adjusted),1992,
Kiosk,Value (Adjusted),1993,
Kiosk,Value (Adjusted),1994,
Kiosk,Value (Adjusted),1995,
Kiosk,Value (Adjusted),1996,
Kiosk,Value (Adjusted),1997,
Kiosk,Value (Adjusted),1998,
Kiosk,Value (Adjusted),1999,
Kiosk,Value (Adjusted),2000,
Kiosk,Value (Adjusted),2001,
Kiosk,Value (Adjusted),2002,
Kiosk,Value (Adjusted),2003,
Kiosk,Value (Adjusted),2004,
Kiosk,Value (Adjusted),2005,1.309047619
Kiosk,Value (Adjusted),2006,2.409465774
Kiosk,Value (Adjusted),2007,3.206503618
Kiosk,Value (Adjusted),2008,3.087315086
Kiosk,Value (Adjusted),2009,7.507511991
Kiosk,Value (Adjusted),2010,7.503599075
Kiosk,Value (Adjusted),2011,3.068715963
Kiosk,Value (Adjusted),2012,4.068866328
Kiosk,Value (Adjusted),2013,6.786152156
Kiosk,Value (Adjusted),2014,2.789051821
Kiosk,Value (Adjusted),2015,3.99147413
Kiosk,Value (Adjusted),2016,3.13587911
Kiosk,Value (Adjusted),2017,2.351668038
Kiosk,Value (Adjusted),2018,2.000651969
Kiosk,Value (Adjusted),2019,1.586470587
LP/EP,Value (Adjusted),1973,7174.518514
LP/EP,Value (Adjusted),1974,7031.863935
LP/EP,Value (Adjusted),1975,7056.703439
LP/EP,Value (Adjusted),1976,7472.013902
LP/EP,Value (Adjusted),1977,9260.605292
LP/EP,Value (Adjusted),1978,9698.105186
LP/EP,Value (Adjusted),1979,7243.615
LP/EP,Value (Adjusted),1980,6825.793689
LP/EP,Value (Adjusted),1981,6586.050571
LP/EP,Value (Adjusted),1982,5100.158453
LP/EP,Value (Adjusted),1983,4335.388283
LP/EP,Value (Adjusted),1984,3810.987118
LP/EP,Value (Adjusted),1985,3042.46086
LP/EP,Value (Adjusted),1986,2292.982035
LP/EP,Value (Adjusted),1987,1784.872946
LP/EP,Value (Adjusted),1988,1150.132336
LP/EP,Value (Adjusted),1989,454.203525
LP/EP,Value (Adjusted),1990,169.1991622
LP/EP,Value (Adjusted),1991,55.18587225
LP/EP,Value (Adjusted),1992,24.59992516
LP/EP,Value (Adjusted),1993,18.75407751
LP/EP,Value (Adjusted),1994,30.7064413
LP/EP,Value (Adjusted),1995,42.10623819
LP/EP,Value (Adjusted),1996,59.96289101
LP/EP,Value (Adjusted),1997,53.04285421
LP/EP,Value (Adjusted),1998,53.32722699
LP/EP,Value (Adjusted),1999,48.79887515
LP/EP,Value (Adjusted),2000,41.12484843
LP/EP,Value (Adjusted),2001,39.5539345
LP/EP,Value (Adjusted),2002,29.13267649
LP/EP,Value (Adjusted),2003,30.15085272
LP/EP,Value (Adjusted),2004,26.12059344
LP/EP,Value (Adjusted),2005,18.58847619
LP/EP,Value (Adjusted),2006,19.90979613
LP/EP,Value (Adjusted),2007,28.24189725
LP/EP,Value (Adjusted),2008,67.32721746
LP/EP,Value (Adjusted),2009,76.02845477
LP/EP,Value (Adjusted),2010,104.2296809
LP/EP,Value (Adjusted),2011,135.7054393
LP/EP,Value (Adjusted),2012,178.9679822
LP/EP,Value (Adjusted),2013,231.2740702
LP/EP,Value (Adjusted),2014,263.3361791
LP/EP,Value (Adjusted),2015,359.5981629
LP/EP,Value (Adjusted),2016,378.607271
LP/EP,Value (Adjusted),2017,405.2120773
LP/EP,Value (Adjusted),2018,426.8201866
LP/EP,Value (Adjusted),2019,497.5889208
Limited Tier Paid Subscription,Value (Adjusted),1973,
Limited Tier Paid Subscription,Value (Adjusted),1974,
Limited Tier Paid Subscription,Value (Adjusted),1975,
Limited Tier Paid Subscription,Value (Adjusted),1976,
Limited Tier Paid Subscription,Value (Adjusted),1977,
Limited Tier Paid Subscription,Value (Adjusted),1978,
Limited Tier Paid Subscription,Value (Adjusted),1979,
Limited Tier Paid Subscription,Value (Adjusted),1980,
Limited Tier Paid Subscription,Value (Adjusted),1981,
Limited Tier Paid Subscription,Value (Adjusted),1982,
Limited Tier Paid Subscription,Value (Adjusted),1983,
Limited Tier Paid Subscription,Value (Adjusted),1984,
Limited Tier Paid Subscription,Value (Adjusted),1985,
Limited Tier Paid Subscription,Value (Adjusted),1986,
Limited Tier Paid Subscription,Value (Adjusted),1987,
Limited Tier Paid Subscription,Value (Adjusted),1988,
Limited Tier Paid Subscription,Value (Adjusted),1989,
Limited Tier Paid Subscription,Value (Adjusted),1990,
Limited Tier Paid Subscription,Value (Adjusted),1991,
Limited Tier Paid Subscription,Value (Adjusted),1992,
Limited Tier Paid Subscription,Value (Adjusted),1993,
Limited Tier Paid Subscription,Value (Adjusted),1994,
Limited Tier Paid Subscription,Value (Adjusted),1995,
Limited Tier Paid Subscription,Value (Adjusted),1996,
Limited Tier Paid Subscription,Value (Adjusted),1997,
Limited Tier Paid Subscription,Value (Adjusted),1998,
Limited Tier Paid Subscription,Value (Adjusted),1999,
Limited Tier Paid Subscription,Value (Adjusted),2000,
Limited Tier Paid Subscription,Value (Adjusted),2001,
Limited Tier Paid Subscription,Value (Adjusted),2002,
Limited Tier Paid Subscription,Value (Adjusted),2003,
Limited Tier Paid Subscription,Value (Adjusted),2004,
Limited Tier Paid Subscription,Value (Adjusted),2005,
Limited Tier Paid Subscription,Value (Adjusted),2006,
Limited Tier Paid Subscription,Value (Adjusted),2007,
Limited Tier Paid Subscription,Value (Adjusted),2008,
Limited Tier Paid Subscription,Value (Adjusted),2009,
Limited Tier Paid Subscription,Value (Adjusted),2010,
Limited Tier Paid Subscription,Value (Adjusted),2011,
Limited Tier Paid Subscription,Value (Adjusted),2012,
Limited Tier Paid Subscription,Value (Adjusted),2013,
Limited Tier Paid Subscription,Value (Adjusted),2014,
Limited Tier Paid Subscription,Value (Adjusted),2015,
Limited Tier Paid Subscription,Value (Adjusted),2016,280.5366913
Limited Tier Paid Subscription,Value (Adjusted),2017,617.032318
Limited Tier Paid Subscription,Value (Adjusted),2018,760.591366
Limited Tier Paid Subscription,Value (Adjusted),2019,829.4987397
Music Video (Physical),Value (Adjusted),1973,
Music Video (Physical),Value (Adjusted),1974,
Music Video (Physical),Value (Adjusted),1975,
Music Video (Physical),Value (Adjusted),1976,
Music Video (Physical),Value (Adjusted),1977,
Music Video (Physical),Value (Adjusted),1978,
Music Video (Physical),Value (Adjusted),1979,
Music Video (Physical),Value (Adjusted),1980,
Music Video (Physical),Value (Adjusted),1981,
Music Video (Physical),Value (Adjusted),1982,
Music Video (Physical),Value (Adjusted),1983,
Music Video (Physical),Value (Adjusted),1984,
Music Video (Physical),Value (Adjusted),1985,
Music Video (Physical),Value (Adjusted),1986,
Music Video (Physical),Value (Adjusted),1987,
Music Video (Physical),Value (Adjusted),1988,
Music Video (Physical),Value (Adjusted),1989,237.92595
Music Video (Physical),Value (Adjusted),1990,337.0290826
Music Video (Physical),Value (Adjusted),1991,221.6820242
Music Video (Physical),Value (Adjusted),1992,286.8169052
Music Video (Physical),Value (Adjusted),1993,377.3815785
Music Video (Physical),Value (Adjusted),1994,398.6662126
Music Video (Physical),Value (Adjusted),1995,369.5619232
Music Video (Physical),Value (Adjusted),1996,384.7075698
Music Video (Physical),Value (Adjusted),1997,515.9333477
Music Video (Physical),Value (Adjusted),1998,796.7715092
Music Video (Physical),Value (Adjusted),1999,578.0671783
Music Video (Physical),Value (Adjusted),2000,418.523277
Music Video (Physical),Value (Adjusted),2001,475.2246437
Music Video (Physical),Value (Adjusted),2002,409.8470195
Music Video (Physical),Value (Adjusted),2003,555.6371429
Music Video (Physical),Value (Adjusted),2004,821.7836443
Music Video (Physical),Value (Adjusted),2005,788.3084762
Music Video (Physical),Value (Adjusted),2006,572.0579003
Music Video (Physical),Value (Adjusted),2007,598.0129247
Music Video (Physical),Value (Adjusted),2008,269.9025843
Music Video (Physical),Value (Adjusted),2009,249.7737323
Music Video (Physical),Value (Adjusted),2010,208.2248743
Music Video (Physical),Value (Adjusted),2011,171.6207816
Music Video (Physical),Value (Adjusted),2012,129.8513772
Music Video (Physical),Value (Adjusted),2013,116.6396724
Music Video (Physical),Value (Adjusted),2014,96.87525106
Music Video (Physical),Value (Adjusted),2015,75.97361449
Music Video (Physical),Value (Adjusted),2016,60.63464218
Music Video (Physical),Value (Adjusted),2017,40.27958535
Music Video (Physical),Value (Adjusted),2018,28.06066388
Music Video (Physical),Value (Adjusted),2019,27.70524678
On-Demand Streaming (Ad-Supported),Value (Adjusted),1973,
On-Demand Streaming (Ad-Supported),Value (Adjusted),1974,
On-Demand Streaming (Ad-Supported),Value (Adjusted),1975,
On-Demand Streaming (Ad-Supported),Value (Adjusted),1976,
On-Demand Streaming (Ad-Supported),Value (Adjusted),1977,
On-Demand Streaming (Ad-Supported),Value (Adjusted),1978,
On-Demand Streaming (Ad-Supported),Value (Adjusted),1979,
On-Demand Streaming (Ad-Supported),Value (Adjusted),1980,
On-Demand Streaming (Ad-Supported),Value (Adjusted),1981,
On-Demand Streaming (Ad-Supported),Value (Adjusted),1982,
On-Demand Streaming (Ad-Supported),Value (Adjusted),1983,
On-Demand Streaming (Ad-Supported),Value (Adjusted),1984,
On-Demand Streaming (Ad-Supported),Value (Adjusted),1985,
On-Demand Streaming (Ad-Supported),Value (Adjusted),1986,
On-Demand Streaming (Ad-Supported),Value (Adjusted),1987,
On-Demand Streaming (Ad-Supported),Value (Adjusted),1988,
On-Demand Streaming (Ad-Supported),Value (Adjusted),1989,
On-Demand Streaming (Ad-Supported),Value (Adjusted),1990,
On-Demand Streaming (Ad-Supported),Value (Adjusted),1991,
On-Demand Streaming (Ad-Supported),Value (Adjusted),1992,
On-Demand Streaming (Ad-Supported),Value (Adjusted),1993,
On-Demand Streaming (Ad-Supported),Value (Adjusted),1994,
On-Demand Streaming (Ad-Supported),Value (Adjusted),1995,
On-Demand Streaming (Ad-Supported),Value (Adjusted),1996,
On-Demand Streaming (Ad-Supported),Value (Adjusted),1997,
On-Demand Streaming (Ad-Supported),Value (Adjusted),1998,
On-Demand Streaming (Ad-Supported),Value (Adjusted),1999,
On-Demand Streaming (Ad-Supported),Value (Adjusted),2000,
On-Demand Streaming (Ad-Supported),Value (Adjusted),2001,
On-Demand Streaming (Ad-Supported),Value (Adjusted),2002,
On-Demand Streaming (Ad-Supported),Value (Adjusted),2003,
On-Demand Streaming (Ad-Supported),Value (Adjusted),2004,
On-Demand Streaming (Ad-Supported),Value (Adjusted),2005,
On-Demand Streaming (Ad-Supported),Value (Adjusted),2006,
On-Demand Streaming (Ad-Supported),Value (Adjusted),2007,
On-Demand Streaming (Ad-Supported),Value (Adjusted),2008,
On-Demand Streaming (Ad-Supported),Value (Adjusted),2009,
On-Demand Streaming (Ad-Supported),Value (Adjusted),2010,
On-Demand Streaming (Ad-Supported),Value (Adjusted),2011,129.340695
On-Demand Streaming (Ad-Supported),Value (Adjusted),2012,190.3396156
On-Demand Streaming (Ad-Supported),Value (Adjusted),2013,242.3960978
On-Demand Streaming (Ad-Supported),Value (Adjusted),2014,306.475448
On-Demand Streaming (Ad-Supported),Value (Adjusted),2015,401.2452641
On-Demand Streaming (Ad-Supported),Value (Adjusted),2016,521.288175
On-Demand Streaming (Ad-Supported),Value (Adjusted),2017,686.9180813
On-Demand Streaming (Ad-Supported),Value (Adjusted),2018,773.2949167
On-Demand Streaming (Ad-Supported),Value (Adjusted),2019,908.1493305
Other Ad-Supported Streaming,Value (Adjusted),1973,
Other Ad-Supported Streaming,Value (Adjusted),1974,
Other Ad-Supported Streaming,Value (Adjusted),1975,
Other Ad-Supported Streaming,Value (Adjusted),1976,
Other Ad-Supported Streaming,Value (Adjusted),1977,
Other Ad-Supported Streaming,Value (Adjusted),1978,
Other Ad-Supported Streaming,Value (Adjusted),1979,
Other Ad-Supported Streaming,Value (Adjusted),1980,
Other Ad-Supported Streaming,Value (Adjusted),1981,
Other Ad-Supported Streaming,Value (Adjusted),1982,
Other Ad-Supported Streaming,Value (Adjusted),1983,
Other Ad-Supported Streaming,Value (Adjusted),1984,
Other Ad-Supported Streaming,Value (Adjusted),1985,
Other Ad-Supported Streaming,Value (Adjusted),1986,
Other Ad-Supported Streaming,Value (Adjusted),1987,
Other Ad-Supported Streaming,Value (Adjusted),1988,
Other Ad-Supported Streaming,Value (Adjusted),1989,
Other Ad-Supported Streaming,Value (Adjusted),1990,
Other Ad-Supported Streaming,Value (Adjusted),1991,
Other Ad-Supported Streaming,Value (Adjusted),1992,
Other Ad-Supported Streaming,Value (Adjusted),1993,
Other Ad-Supported Streaming,Value (Adjusted),1994,
Other Ad-Supported Streaming,Value (Adjusted),1995,
Other Ad-Supported Streaming,Value (Adjusted),1996,
Other Ad-Supported Streaming,Value (Adjusted),1997,
Other Ad-Supported Streaming,Value (Adjusted),1998,
Other Ad-Supported Streaming,Value (Adjusted),1999,
Other Ad-Supported Streaming,Value (Adjusted),2000,
Other Ad-Supported Streaming,Value (Adjusted),2001,
Other Ad-Supported Streaming,Value (Adjusted),2002,
Other Ad-Supported Streaming,Value (Adjusted),2003,
Other Ad-Supported Streaming,Value (Adjusted),2004,
Other Ad-Supported Streaming,Value (Adjusted),2005,
Other Ad-Supported Streaming,Value (Adjusted),2006,
Other Ad-Supported Streaming,Value (Adjusted),2007,
Other Ad-Supported Streaming,Value (Adjusted),2008,
Other Ad-Supported Streaming,Value (Adjusted),2009,
Other Ad-Supported Streaming,Value (Adjusted),2010,
Other Ad-Supported Streaming,Value (Adjusted),2011,
Other Ad-Supported Streaming,Value (Adjusted),2012,
Other Ad-Supported Streaming,Value (Adjusted),2013,
Other Ad-Supported Streaming,Value (Adjusted),2014,
Other Ad-Supported Streaming,Value (Adjusted),2015,
Other Ad-Supported Streaming,Value (Adjusted),2016,86.55959668
Other Ad-Supported Streaming,Value (Adjusted),2017,273.040319
Other Ad-Supported Streaming,Value (Adjusted),2018,255.9674439
Other Ad-Supported Streaming,Value (Adjusted),2019,251.0647101
Other Digital,Value (Adjusted),1973,
Other Digital,Value (Adjusted),1974,
Other Digital,Value (Adjusted),1975,
Other Digital,Value (Adjusted),1976,
Other Digital,Value (Adjusted),1977,
Other Digital,Value (Adjusted),1978,
Other Digital,Value (Adjusted),1979,
Other Digital,Value (Adjusted),1980,
Other Digital,Value (Adjusted),1981,
Other Digital,Value (Adjusted),1982,
Other Digital,Value (Adjusted),1983,
Other Digital,Value (Adjusted),1984,
Other Digital,Value (Adjusted),1985,
Other Digital,Value (Adjusted),1986,
Other Digital,Value (Adjusted),1987,
Other Digital,Value (Adjusted),1988,
Other Digital,Value (Adjusted),1989,
Other Digital,Value (Adjusted),1990,
Other Digital,Value (Adjusted),1991,
Other Digital,Value (Adjusted),1992,
Other Digital,Value (Adjusted),1993,
Other Digital,Value (Adjusted),1994,
Other Digital,Value (Adjusted),1995,
Other Digital,Value (Adjusted),1996,
Other Digital,Value (Adjusted),1997,
Other Digital,Value (Adjusted),1998,
Other Digital,Value (Adjusted),1999,
Other Digital,Value (Adjusted),2000,
Other Digital,Value (Adjusted),2001,
Other Digital,Value (Adjusted),2002,
Other Digital,Value (Adjusted),2003,
Other Digital,Value (Adjusted),2004,
Other Digital,Value (Adjusted),2005,
Other Digital,Value (Adjusted),2006,
Other Digital,Value (Adjusted),2007,
Other Digital,Value (Adjusted),2008,
Other Digital,Value (Adjusted),2009,
Other Digital,Value (Adjusted),2010,
Other Digital,Value (Adjusted),2011,
Other Digital,Value (Adjusted),2012,
Other Digital,Value (Adjusted),2013,
Other Digital,Value (Adjusted),2014,
Other Digital,Value (Adjusted),2015,
Other Digital,Value (Adjusted),2016,18.25940954
Other Digital,Value (Adjusted),2017,17.61095192
Other Digital,Value (Adjusted),2018,20.19906331
Other Digital,Value (Adjusted),2019,21.51717501
Other Tapes,Value (Adjusted),1973,89.82543243
Other Tapes,Value (Adjusted),1974,68.97034686
Other Tapes,Value (Adjusted),1975,48.47028625
Other Tapes,Value (Adjusted),1976,22.91477504
Other Tapes,Value (Adjusted),1977,
Other Tapes,Value (Adjusted),1978,
Other Tapes,Value (Adjusted),1979,
Other Tapes,Value (Adjusted),1980,
Other Tapes,Value (Adjusted),1981,
Other Tapes,Value (Adjusted),1982,
Other Tapes,Value (Adjusted),1983,
Other Tapes,Value (Adjusted),1984,
Other Tapes,Value (Adjusted),1985,
Other Tapes,Value (Adjusted),1986,
Other Tapes,Value (Adjusted),1987,
Other Tapes,Value (Adjusted),1988,
Other Tapes,Value (Adjusted),1989,
Other Tapes,Value (Adjusted),1990,
Other Tapes,Value (Adjusted),1991,
Other Tapes,Value (Adjusted),1992,
Other Tapes,Value (Adjusted),1993,
Other Tapes,Value (Adjusted),1994,
Other Tapes,Value (Adjusted),1995,
Other Tapes,Value (Adjusted),1996,
Other Tapes,Value (Adjusted),1997,
Other Tapes,Value (Adjusted),1998,
Other Tapes,Value (Adjusted),1999,
Other Tapes,Value (Adjusted),2000,
Other Tapes,Value (Adjusted),2001,
Other Tapes,Value (Adjusted),2002,
Other Tapes,Value (Adjusted),2003,
Other Tapes,Value (Adjusted),2004,
Other Tapes,Value (Adjusted),2005,
Other Tapes,Value (Adjusted),2006,
Other Tapes,Value (Adjusted),2007,
Other Tapes,Value (Adjusted),2008,
Other Tapes,Value (Adjusted),2009,
Other Tapes,Value (Adjusted),2010,
Other Tapes,Value (Adjusted),2011,
Other Tapes,Value (Adjusted),2012,
Other Tapes,Value (Adjusted),2013,
Other Tapes,Value (Adjusted),2014,
Other Tapes,Value (Adjusted),2015,
Other Tapes,Value (Adjusted),2016,
Other Tapes,Value (Adjusted),2017,
Other Tapes,Value (Adjusted),2018,
Other Tapes,Value (Adjusted),2019,
Paid Subscription,Value (Adjusted),1973,
Paid Subscription,Value (Adjusted),1974,
Paid Subscription,Value (Adjusted),1975,
Paid Subscription,Value (Adjusted),1976,
Paid Subscription,Value (Adjusted),1977,
Paid Subscription,Value (Adjusted),1978,
Paid Subscription,Value (Adjusted),1979,
Paid Subscription,Value (Adjusted),1980,
Paid Subscription,Value (Adjusted),1981,
Paid Subscription,Value (Adjusted),1982,
Paid Subscription,Value (Adjusted),1983,
Paid Subscription,Value (Adjusted),1984,
Paid Subscription,Value (Adjusted),1985,
Paid Subscription,Value (Adjusted),1986,
Paid Subscription,Value (Adjusted),1987,
Paid Subscription,Value (Adjusted),1988,
Paid Subscription,Value (Adjusted),1989,
Paid Subscription,Value (Adjusted),1990,
Paid Subscription,Value (Adjusted),1991,
Paid Subscription,Value (Adjusted),1992,
Paid Subscription,Value (Adjusted),1993,
Paid Subscription,Value (Adjusted),1994,
Paid Subscription,Value (Adjusted),1995,
Paid Subscription,Value (Adjusted),1996,
Paid Subscription,Value (Adjusted),1997,
Paid Subscription,Value (Adjusted),1998,
Paid Subscription,Value (Adjusted),1999,
Paid Subscription,Value (Adjusted),2000,
Paid Subscription,Value (Adjusted),2001,
Paid Subscription,Value (Adjusted),2002,
Paid Subscription,Value (Adjusted),2003,
Paid Subscription,Value (Adjusted),2004,
Paid Subscription,Value (Adjusted),2005,195.3099048
Paid Subscription,Value (Adjusted),2006,261.4904435
Paid Subscription,Value (Adjusted),2007,288.5853256
Paid Subscription,Value (Adjusted),2008,262.8967539
Paid Subscription,Value (Adjusted),2009,245.7220591
Paid Subscription,Value (Adjusted),2010,249.0256943
Paid Subscription,Value (Adjusted),2011,281.6399317
Paid Subscription,Value (Adjusted),2012,445.2763062
Paid Subscription,Value (Adjusted),2013,706.0116575
Paid Subscription,Value (Adjusted),2014,831.8340275
Paid Subscription,Value (Adjusted),2015,1247.676869
Paid Subscription,Value (Adjusted),2016,2390.487545
Paid Subscription,Value (Adjusted),2017,3651.028327
Paid Subscription,Value (Adjusted),2018,4740.333581
Paid Subscription,Value (Adjusted),2019,5934.397625
Ringtones & Ringbacks,Value (Adjusted),1973,
Ringtones & Ringbacks,Value (Adjusted),1974,
Ringtones & Ringbacks,Value (Adjusted),1975,
Ringtones & Ringbacks,Value (Adjusted),1976,
Ringtones & Ringbacks,Value (Adjusted),1977,
Ringtones & Ringbacks,Value (Adjusted),1978,
Ringtones & Ringbacks,Value (Adjusted),1979,
Ringtones & Ringbacks,Value (Adjusted),1980,
Ringtones & Ringbacks,Value (Adjusted),1981,
Ringtones & Ringbacks,Value (Adjusted),1982,
Ringtones & Ringbacks,Value (Adjusted),1983,
Ringtones & Ringbacks,Value (Adjusted),1984,
Ringtones & Ringbacks,Value (Adjusted),1985,
Ringtones & Ringbacks,Value (Adjusted),1986,
Ringtones & Ringbacks,Value (Adjusted),1987,
Ringtones & Ringbacks,Value (Adjusted),1988,
Ringtones & Ringbacks,Value (Adjusted),1989,
Ringtones & Ringbacks,Value (Adjusted),1990,
Ringtones & Ringbacks,Value (Adjusted),1991,
Ringtones & Ringbacks,Value (Adjusted),1992,
Ringtones & Ringbacks,Value (Adjusted),1993,
Ringtones & Ringbacks,Value (Adjusted),1994,
Ringtones & Ringbacks,Value (Adjusted),1995,
Ringtones & Ringbacks,Value (Adjusted),1996,
Ringtones & Ringbacks,Value (Adjusted),1997,
Ringtones & Ringbacks,Value (Adjusted),1998,
Ringtones & Ringbacks,Value (Adjusted),1999,
Ringtones & Ringbacks,Value (Adjusted),2000,
Ringtones & Ringbacks,Value (Adjusted),2001,
Ringtones & Ringbacks,Value (Adjusted),2002,
Ringtones & Ringbacks,Value (Adjusted),2003,
Ringtones & Ringbacks,Value (Adjusted),2004,
Ringtones & Ringbacks,Value (Adjusted),2005,551.8944762
Ringtones & Ringbacks,Value (Adjusted),2006,981.2866399
Ringtones & Ringbacks,Value (Adjusted),2007,1302.087123
Ringtones & Ringbacks,Value (Adjusted),2008,1160.236758
Ringtones & Ringbacks,Value (Adjusted),2009,837.504671
Ringtones & Ringbacks,Value (Adjusted),2010,525.2519353
Ringtones & Ringbacks,Value (Adjusted),2011,313.9182774
Ringtones & Ringbacks,Value (Adjusted),2012,162.5657282
Ringtones & Ringbacks,Value (Adjusted),2013,107.5489764
Ringtones & Ringbacks,Value (Adjusted),2014,71.61127201
Ringtones & Ringbacks,Value (Adjusted),2015,58.87458101
Ringtones & Ringbacks,Value (Adjusted),2016,59.99807088
Ringtones & Ringbacks,Value (Adjusted),2017,37.04036846
Ringtones & Ringbacks,Value (Adjusted),2018,25.41009037
Ringtones & Ringbacks,Value (Adjusted),2019,21.4267369
SACD,Value (Adjusted),1973,
SACD,Value (Adjusted),1974,
SACD,Value (Adjusted),1975,
SACD,Value (Adjusted),1976,
SACD,Value (Adjusted),1977,
SACD,Value (Adjusted),1978,
SACD,Value (Adjusted),1979,
SACD,Value (Adjusted),1980,
SACD,Value (Adjusted),1981,
SACD,Value (Adjusted),1982,
SACD,Value (Adjusted),1983,
SACD,Value (Adjusted),1984,
SACD,Value (Adjusted),1985,
SACD,Value (Adjusted),1986,
SACD,Value (Adjusted),1987,
SACD,Value (Adjusted),1988,
SACD,Value (Adjusted),1989,
SACD,Value (Adjusted),1990,
SACD,Value (Adjusted),1991,
SACD,Value (Adjusted),1992,
SACD,Value (Adjusted),1993,
SACD,Value (Adjusted),1994,
SACD,Value (Adjusted),1995,
SACD,Value (Adjusted),1996,
SACD,Value (Adjusted),1997,
SACD,Value (Adjusted),1998,
SACD,Value (Adjusted),1999,
SACD,Value (Adjusted),2000,
SACD,Value (Adjusted),2001,
SACD,Value (Adjusted),2002,
SACD,Value (Adjusted),2003,36.54227772
SACD,Value (Adjusted),2004,22.46641715
SACD,Value (Adjusted),2005,13.09047619
SACD,Value (Adjusted),2006,6.974769345
SACD,Value (Adjusted),2007,4.43977424
SACD,Value (Adjusted),2008,3.681029526
SACD,Value (Adjusted),2009,2.860004568
SACD,Value (Adjusted),2010,1.993143504
SACD,Value (Adjusted),2011,1.704842202
SACD,Value (Adjusted),2012,1.494897613
SACD,Value (Adjusted),2013,1.073719014
SACD,Value (Adjusted),2014,0.82446336
SACD,Value (Adjusted),2015,1.125529098
SACD,Value (Adjusted),2016,1.28555661
SACD,Value (Adjusted),2017,0.887142473
SACD,Value (Adjusted),2018,0.875277267
SACD,Value (Adjusted),2019,0.433302292
SoundExchange Distributions,Value (Adjusted),1973,
SoundExchange Distributions,Value (Adjusted),1974,
SoundExchange Distributions,Value (Adjusted),1975,
SoundExchange Distributions,Value (Adjusted),1976,
SoundExchange Distributions,Value (Adjusted),1977,
SoundExchange Distributions,Value (Adjusted),1978,
SoundExchange Distributions,Value (Adjusted),1979,
SoundExchange Distributions,Value (Adjusted),1980,
SoundExchange Distributions,Value (Adjusted),1981,
SoundExchange Distributions,Value (Adjusted),1982,
SoundExchange Distributions,Value (Adjusted),1983,
SoundExchange Distributions,Value (Adjusted),1984,
SoundExchange Distributions,Value (Adjusted),1985,
SoundExchange Distributions,Value (Adjusted),1986,
SoundExchange Distributions,Value (Adjusted),1987,
SoundExchange Distributions,Value (Adjusted),1988,
SoundExchange Distributions,Value (Adjusted),1989,
SoundExchange Distributions,Value (Adjusted),1990,
SoundExchange Distributions,Value (Adjusted),1991,
SoundExchange Distributions,Value (Adjusted),1992,
SoundExchange Distributions,Value (Adjusted),1993,
SoundExchange Distributions,Value (Adjusted),1994,
SoundExchange Distributions,Value (Adjusted),1995,
SoundExchange Distributions,Value (Adjusted),1996,
SoundExchange Distributions,Value (Adjusted),1997,
SoundExchange Distributions,Value (Adjusted),1998,
SoundExchange Distributions,Value (Adjusted),1999,
SoundExchange Distributions,Value (Adjusted),2000,
SoundExchange Distributions,Value (Adjusted),2001,
SoundExchange Distributions,Value (Adjusted),2002,
SoundExchange Distributions,Value (Adjusted),2003,
SoundExchange Distributions,Value (Adjusted),2004,9.338450503
SoundExchange Distributions,Value (Adjusted),2005,26.70457143
SoundExchange Distributions,Value (Adjusted),2006,41.5949881
SoundExchange Distributions,Value (Adjusted),2007,44.64439653
SoundExchange Distributions,Value (Adjusted),2008,118.7428879
SoundExchange Distributions,Value (Adjusted),2009,185.3044626
SoundExchange Distributions,Value (Adjusted),2010,292.171389
SoundExchange Distributions,Value (Adjusted),2011,331.8759486
SoundExchange Distributions,Value (Adjusted),2012,514.445212
SoundExchange Distributions,Value (Adjusted),2013,647.9302738
SoundExchange Distributions,Value (Adjusted),2014,835.2135873
SoundExchange Distributions,Value (Adjusted),2015,865.7197931
SoundExchange Distributions,Value (Adjusted),2016,941.5359648
SoundExchange Distributions,Value (Adjusted),2017,680.0275946
SoundExchange Distributions,Value (Adjusted),2018,970.0645127
SoundExchange Distributions,Value (Adjusted),2019,908.2
Synchronization,Value (Adjusted),1973,
Synchronization,Value (Adjusted),1974,
Synchronization,Value (Adjusted),1975,
Synchronization,Value (Adjusted),1976,
Synchronization,Value (Adjusted),1977,
Synchronization,Value (Adjusted),1978,
Synchronization,Value (Adjusted),1979,
Synchronization,Value (Adjusted),1980,
Synchronization,Value (Adjusted),1981,
Synchronization,Value (Adjusted),1982,
Synchronization,Value (Adjusted),1983,
Synchronization,Value (Adjusted),1984,
Synchronization,Value (Adjusted),1985,
Synchronization,Value (Adjusted),1986,
Synchronization,Value (Adjusted),1987,
Synchronization,Value (Adjusted),1988,
Synchronization,Value (Adjusted),1989,
Synchronization,Value (Adjusted),1990,
Synchronization,Value (Adjusted),1991,
Synchronization,Value (Adjusted),1992,
Synchronization,Value (Adjusted),1993,
Synchronization,Value (Adjusted),1994,
Synchronization,Value (Adjusted),1995,
Synchronization,Value (Adjusted),1996,
Synchronization,Value (Adjusted),1997,
Synchronization,Value (Adjusted),1998,
Synchronization,Value (Adjusted),1999,
Synchronization,Value (Adjusted),2000,
Synchronization,Value (Adjusted),2001,
Synchronization,Value (Adjusted),2002,
Synchronization,Value (Adjusted),2003,
Synchronization,Value (Adjusted),2004,
Synchronization,Value (Adjusted),2005,
Synchronization,Value (Adjusted),2006,
Synchronization,Value (Adjusted),2007,
Synchronization,Value (Adjusted),2008,
Synchronization,Value (Adjusted),2009,239.7637163
Synchronization,Value (Adjusted),2010,221.238929
Synchronization,Value (Adjusted),2011,223.3343284
Synchronization,Value (Adjusted),2012,212.2339858
Synchronization,Value (Adjusted),2013,208.1623435
Synchronization,Value (Adjusted),2014,204.8758184
Synchronization,Value (Adjusted),2015,218.8945293
Synchronization,Value (Adjusted),2016,228.8478595
Synchronization,Value (Adjusted),2017,242.0632514
Synchronization,Value (Adjusted),2018,290.6869289
Synchronization,Value (Adjusted),2019,276.2623602
Vinyl Single,Value (Adjusted),1973,1094.027703
Vinyl Single,Value (Adjusted),1974,1006.033631
Vinyl Single,Value (Adjusted),1975,1005.045641
Vinyl Single,Value (Adjusted),1976,1101.25713
Vinyl Single,Value (Adjusted),1977,1034.018658
Vinyl Single,Value (Adjusted),1978,1020.66744
Vinyl Single,Value (Adjusted),1979,1245.183405
Vinyl Single,Value (Adjusted),1980,775.6583738
Vinyl Single,Value (Adjusted),1981,721.1271155
Vinyl Single,Value (Adjusted),1982,749.7505803
Vinyl Single,Value (Adjusted),1983,691.2492982
Vinyl Single,Value (Adjusted),1984,734.9831174
Vinyl Single,Value (Adjusted),1985,667.6544331
Vinyl Single,Value (Adjusted),1986,532.0744681
Vinyl Single,Value (Adjusted),1987,457.5270079
Vinyl Single,Value (Adjusted),1988,389.8607168
Vinyl Single,Value (Adjusted),1989,239.9877
Vinyl Single,Value (Adjusted),1990,184.6520337
Vinyl Single,Value (Adjusted),1991,119.944804
Vinyl Single,Value (Adjusted),1992,120.9951875
Vinyl Single,Value (Adjusted),1993,90.58573287
Vinyl Single,Value (Adjusted),1994,81.42382186
Vinyl Single,Value (Adjusted),1995,78.34108858
Vinyl Single,Value (Adjusted),1996,77.39775335
Vinyl Single,Value (Adjusted),1997,56.70647477
Vinyl Single,Value (Adjusted),1998,40.30910982
Vinyl Single,Value (Adjusted),1999,42.81410744
Vinyl Single,Value (Adjusted),2000,39.04633624
Vinyl Single,Value (Adjusted),2001,45.32823151
Vinyl Single,Value (Adjusted),2002,35.38554364
Vinyl Single,Value (Adjusted),2003,29.87296467
Vinyl Single,Value (Adjusted),2004,26.93263261
Vinyl Single,Value (Adjusted),2005,17.27942857
Vinyl Single,Value (Adjusted),2006,12.55458482
Vinyl Single,Value (Adjusted),2007,4.933082489
Vinyl Single,Value (Adjusted),2008,3.44354375
Vinyl Single,Value (Adjusted),2009,2.979171425
Vinyl Single,Value (Adjusted),2010,2.696605918
Vinyl Single,Value (Adjusted),2011,5.228182752
Vinyl Single,Value (Adjusted),2012,5.281477044
Vinyl Single,Value (Adjusted),2013,3.269213385
Vinyl Single,Value (Adjusted),2014,5.938887283
Vinyl Single,Value (Adjusted),2015,6.205390253
Vinyl Single,Value (Adjusted),2016,5.198931395
Vinyl Single,Value (Adjusted),2017,6.33967756
Vinyl Single,Value (Adjusted),2018,5.386196747
Vinyl Single,Value (Adjusted),2019,6.795945687
